{"sections":{"main":{"type":"404","blocks":{"b4afbfb7-754e-4ff9-b0d1-ee15876ca739":{"type":"title","settings":{"title":"404 Title","title_font_size":24,"title_font_weight":600}},"c135282a-4651-4562-a464-34734f153ebf":{"type":"description","settings":{"description":"404 page description","desc_font_size":18,"desc_font_weight":400}},"3ee0706e-d4c5-4412-b6ba-a48323c0a222":{"type":"image","settings":{"image":"shopify:\/\/shop_images\/pexels-godisable-jacob-718977.jpg","img_full_width":false}}},"block_order":["b4afbfb7-754e-4ff9-b0d1-ee15876ca739","c135282a-4651-4562-a464-34734f153ebf","3ee0706e-d4c5-4412-b6ba-a48323c0a222"],"settings":{"content_align":"center","text_align":"center","bg_color":"bg-c-un","content_color":"var(--py-color-dark)"}}},"order":["main"]}