{"sections":{"main":{"type":"blog","blocks":{"title":{"type":"title","settings":{"show_date":true,"show_author":false,"title_color":"var(--py-color-light)","title_font_size":28,"title_font_weight":500,"title_m_font_size":18}},"link":{"type":"link","settings":{"btn_bg_color":"var(--py-bg-color-light)","btn_color":"var(--py-color-dark)","btn_br_color":"var(--py-color-dark)","btn_hover_bg_color":"var(--py-bg-color-dark)","btn_hover_color":"var(--py-color-light)","btn_hover_br_color":"var(--py-color-dark)","btn_font_size":16,"btn_font_weight":500,"btn_border_width":1,"btn_border_radius":28}}},"block_order":["title","link"],"settings":{"show_image":true,"bg_color":"bg-c-dark","general_color":"var(--py-color-light)","page_width":"width-l","page_x_mg":"mg-x-xl","page_y_mg":"mg-y-l","page_x_pd":"pd-x-s","page_y_pd":"pd-y-s","image_ratio":"adapt","item_space":15,"card_radius":12,"card_bg_color":"bg-c-average","info_align":"left"}}},"order":["main"]}