{"sections":{"banner":{"type":"main-collection-banner","blocks":{"6c14fd5b-07d0-4a2b-9de6-d3167a51ad1a":{"type":"collection","settings":{"coll":"base-brand","show_collection_title":true,"show_collection_description":false,"image":"shopify:\/\/shop_images\/pexels-edgars-kisuro-1488463.jpg","countdown":"2021-12-31T00:00:00","show_override":true,"ov_bg_color":"#000000","color":"#ffffff","ov_opacity":"0.4","page_width":"width-un","page_y_mg":"mg-y-un","page_x_pd":"pd-x-un","page_y_pd":"pd-y-un","br":"br-y"}}},"block_order":["6c14fd5b-07d0-4a2b-9de6-d3167a51ad1a"],"settings":{}},"email":{"type":"main-collection-email-banner","blocks":{"1ee999f0-ba47-4f95-92c3-bf1f3d0edbfd":{"type":"collection","settings":{"coll":"dev","show_title":true,"show_desc":false,"form":"Form Widget","w_height":"300px","w_bg_color":"#969892","w_bg_style":"cover","w_horizontal":"center","w_vertical":"center","c_width":"70%","c_align":"center","c_padding":"0 25px","t_size":"","t_weight":"","t_margin":"0 0 20px 0","t_color":"","w_m_height":"50vh","w_m_bg_color":"","w_m_bg_style":"cover","w_m_horizontal":"center","w_m_vertical":"center","c_m_width":"","c_m_align":"center","c_m_padding":"0 15px","t_m_size":"","t_m_weight":"","t_m_margin":"0 0 20px 0","t_m_color":""}}},"block_order":["1ee999f0-ba47-4f95-92c3-bf1f3d0edbfd"],"settings":{}},"product-grid":{"type":"main-collection-product-grid","settings":{"collection_style":"style-2","products_per_page":48,"item_space":10,"bg_color":"bg-c-dark","color":"c-dark","page_width":"width-un","page_x_mg":"mg-x-un","page_y_mg":"mg-y-un","page_x_pd":"pd-x-un","page_y_pd":"pd-y-un","image_ratio":"square","show_secondary_image":true,"add_image_padding":false,"show_vendor":false,"show_colors":false,"filter_style":"style-2","enable_filtering":true,"enable_sorting":true,"filter_heading":"FILTERS","filter_btn_label":"SEE RESULTS","custom_font_style":false,"title_fontsize":"18px","title_fontsize_m":"16px","title_fontweight":"500","title_fontstretch":"50%","title_fontstyle":"italic","title_lineheight":"1.2","title_letterspacing":"1px","info_fontsize":"16px","info_fontsize_m":"14px","info_fontweight":"300","info_fontstretch":"50%","info_fontstyle":"normal","info_lineheight":"1.2","info_letterspacing":"0px"}}},"order":["banner","email","product-grid"]}