{"sections":{"banner":{"type":"main-collection-password-banner","settings":{"show_collection_title":false,"show_collection_description":false,"show_collection_image":true,"banner_link":"","btn_link":"","btn_label":"Shop Others","password":"CYBER","btn":"Enter","error":"HINT: USE ALL CAPS","countdown":"2022-11-25T00:00:00","show_override":true,"ov_bg_color":"#000000","color":"#000000","ov_opacity":"0.2","input_bg_color":"#ffffff","input_color":"#000","btn_bg_color":"#5c4842","btn_color":"#fff"}},"email":{"type":"main-collection-email-banner","settings":{}},"product-grid":{"type":"main-collection-product-grid","settings":{"collection_style":"style-1","products_per_page":16,"item_space":10,"bg_color":"bg-c-un","page_width":"width-un","page_x_mg":"mg-x-un","page_y_mg":"mg-y-un","page_x_pd":"pd-x-un","page_y_pd":"pd-y-un","image_ratio":"adapt","show_secondary_image":false,"add_image_padding":false,"show_vendor":false,"show_colors":true,"filter_style":"style-1","enable_filtering":true,"enable_sorting":true,"filter_heading":"FILTERS","filter_btn_label":"SEE RESULTS","custom_font_style":false,"title_fontsize":"","title_fontsize_m":"","title_fontweight":"","title_fontstretch":"","title_fontstyle":"normal","title_lineheight":"","title_letterspacing":"","info_fontsize":"","info_fontsize_m":"","info_fontweight":"","info_fontstretch":"","info_fontstyle":"normal","info_lineheight":"","info_letterspacing":""}}},"order":["banner","email","product-grid"]}