{"sections":{"banner":{"type":"main-collection-banner","blocks":{"6c14fd5b-07d0-4a2b-9de6-d3167a51ad1a":{"type":"collection","settings":{"coll":"bundle-set","show_collection_title":true,"show_collection_description":false,"image":"shopify:\/\/shop_images\/pexels-edgars-kisuro-1488463.jpg","countdown":"2022-12-31T00:00:00","show_override":true,"ov_bg_color":"#000000","color":"#ffffff","ov_opacity":"0.4"}}},"block_order":["6c14fd5b-07d0-4a2b-9de6-d3167a51ad1a"],"settings":{}},"email":{"type":"main-collection-email-banner","blocks":{"f5ba7260-e1c2-4021-a42e-652601edf59d":{"type":"collection","settings":{"coll":"","show_title":false,"show_desc":false,"form":"","w_height":"200px","w_bg_color":"#794842","w_bg_style":"cover","w_horizontal":"center","w_vertical":"center","c_width":"100%","c_align":"center","c_padding":"0 25px","t_size":"","t_weight":"","t_margin":"0 0 20px 0","t_color":"","w_m_height":"50vh","w_m_bg_color":"","w_m_bg_style":"cover","w_m_horizontal":"center","w_m_vertical":"center","c_m_width":"","c_m_align":"center","c_m_padding":"0 15px","t_m_size":"","t_m_weight":"","t_m_margin":"0 0 20px 0","t_m_color":""}}},"block_order":["f5ba7260-e1c2-4021-a42e-652601edf59d"],"settings":{}},"product-grid":{"type":"main-collection-bundle-product","blocks":{"31912b98-e05c-48a5-bf54-cdf3236b15ce":{"type":"collection","settings":{"coll":"bundle-set","bd_price":"$65"}}},"block_order":["31912b98-e05c-48a5-bf54-cdf3236b15ce"],"settings":{"custom_font_style":false,"title_fontsize":"18px","title_fontsize_m":"16px","title_fontweight":"500","title_fontstretch":"50%","title_fontstyle":"italic","title_lineheight":"1.2","title_letterspacing":"1px","info_fontsize":"16px","info_fontsize_m":"14px","info_fontweight":"300","info_fontstretch":"50%","info_fontstyle":"normal","info_lineheight":"1.2","info_letterspacing":"0px"}},"164148252267363a27":{"type":"accordion-with-product","blocks":{"16414825226417e1f8-0":{"type":"accordion","settings":{"text":"Infused with Zinc","content":"Imagine underwear that are both good for your body AND make your butt look great. Say hello to our Mineral Cheeky!"}},"16414825226417e1f8-1":{"type":"accordion","settings":{"text":"Infused with Zinc","content":"Imagine underwear that are both good for your body AND make your butt look great. Say hello to our Mineral Cheeky!"}},"16414825226417e1f8-2":{"type":"accordion","settings":{"text":"Infused with Zinc","content":"<p>Imagine underwear that are both good for your body AND make your butt look great. Say hello to our Mineral Cheeky!<\/p>"}},"16414825226417e1f8-3":{"type":"accordion","settings":{"text":"Infused with Zinc","content":"Imagine underwear that are both good for your body AND make your butt look great. Say hello to our Mineral Cheeky!"}},"cd5f135d-2cf9-49b7-a737-46db7d2c95cb":{"type":"accordion","settings":{"text":"Infused with Zinc","content":"Imagine underwear that are both good for your body AND make your butt look great. Say hello to our Mineral Cheeky!"}}},"block_order":["16414825226417e1f8-0","16414825226417e1f8-1","16414825226417e1f8-2","16414825226417e1f8-3","cd5f135d-2cf9-49b7-a737-46db7d2c95cb"],"settings":{"bg_color":"#ffffff","color":"#000000","product":"mount-fuji-from-lake-yamanaka"}}},"order":["banner","email","product-grid","164148252267363a27"]}