{
  "sections": {
    "164253890362d227ae": {
      "type": "image-banner",
      "blocks": {
        "16425389039f659f32-0": {
          "type": "heading"
        },
        "16425389039f659f32-2": {
          "type": "buttons"
        }
      },
      "block_order": [
        "16425389039f659f32-0",
        "16425389039f659f32-2"
      ]
    },
    "1640386503a8111c26": {
      "type": "marquee"
    },
    "16397085288e7549f7": {
      "type": "image-with-video",
      "blocks": {
        "1639708527c22574f8-0": {
          "type": "image"
        },
        "fbff2156-b56f-463c-89e9-f6c022514e7f": {
          "type": "video"
        }
      },
      "block_order": [
        "1639708527c22574f8-0",
        "fbff2156-b56f-463c-89e9-f6c022514e7f"
      ]
    }
  },
  "order": [
    "164253890362d227ae",
    "1640386503a8111c26",
    "16397085288e7549f7"
  ]
}