{"sections":{"main":{"type":"main-page","blocks":{"05958ef4-c549-47f0-9e30-12656512e493":{"type":"title","settings":{"title_font_size":30,"title_color":"var(--py-color-light)","title_align":"center"}},"ed9b15ba-3551-4835-a139-11f2d1040601":{"type":"content","settings":{"content_font_size":16,"content_color":"var(--py-color-light)","content_align":"left","content_custom_css":""}}},"block_order":["05958ef4-c549-47f0-9e30-12656512e493","ed9b15ba-3551-4835-a139-11f2d1040601"],"settings":{"layout":"horizontal","page_width":"width-m","page_bg_color":"var(--py-bg-color-dark)"}}},"order":["main"]}