{"sections":{"main":{"type":"contact-page","blocks":{"5964889a-c91c-420c-862d-a951bff31216":{"type":"title","settings":{"title_font_size":30,"title_color":"var(--py-color-dark)","title_align":"center"}},"bd1b4beb-2682-4814-ad50-677fbde3e6f4":{"type":"content","settings":{"content_font_size":16,"content_color":"var(--py-color-dark)","content_align":"left","content_custom_css":""}},"6bc191e6-5d53-4f61-b9c9-a2240751826c":{"type":"addition_field","settings":{"field_label":"Addition Text 1"}},"e4970dc4-1cf9-4061-abe8-1b63427e3a84":{"type":"addition_field","settings":{"field_label":"Addition Text 2"}}},"block_order":["5964889a-c91c-420c-862d-a951bff31216","bd1b4beb-2682-4814-ad50-677fbde3e6f4","6bc191e6-5d53-4f61-b9c9-a2240751826c","e4970dc4-1cf9-4061-abe8-1b63427e3a84"],"settings":{"layout":"vertical","page_width":"width-m","page_bg_color":"var(--py-bg-color-light)"}}},"order":["main"]}