{"sections":{"main":{"type":"main-product-A","blocks":{"vendor":{"type":"text","disabled":true,"settings":{"text":"{{ product.vendor }}","text_style":"uppercase"}},"title":{"type":"title","settings":{}},"price":{"type":"price","settings":{}},"9eb32641-da8a-476f-9a82-f278d77a380a":{"type":"description","settings":{}},"variant_picker":{"type":"variant_picker","settings":{"picker_type":"button"}},"quantity_selector":{"type":"quantity_selector","disabled":true,"settings":{}},"ebf2b153-c828-4ff7-9382-2a190c09eecc":{"type":"collapsible_tab","settings":{"bg_color":"","color":"","heading":"Fabric & Care","content":"<p>{{ product.metafields.details.fabric_care | metafield_tag }}<\/p>","page":"","icon":"shirt"}},"9b353cd0-2aa4-44ee-b46f-8554cbe45bf4":{"type":"collapsible_tab","settings":{"bg_color":"","color":"","heading":"Size & Fit","content":"<p>{{ product.metafields.details.size_fit | metafield_tag }}<\/p>","page":"","icon":"ruler"}},"3d71c858-4fe6-4873-847e-c6c5c038a1d2":{"type":"collapsible_tab","settings":{"bg_color":"","color":"","heading":"Shipping & Returns","content":"<p>Spend $75 in Canada or US to receive free shipping. International orders are free on orders over $150. Once shipped, your order tracking number will provide the most up to date information on your anticipated arrival date. For more details on shipping timelines and arrivals, along with our return policy,<\/p>","page":"","icon":"return"}},"buy_buttons":{"type":"buy_buttons","settings":{"bg_color":"","color":"","btn":"","show_dynamic_checkout":false}}},"block_order":["vendor","title","price","9eb32641-da8a-476f-9a82-f278d77a380a","variant_picker","quantity_selector","ebf2b153-c828-4ff7-9382-2a190c09eecc","9b353cd0-2aa4-44ee-b46f-8554cbe45bf4","3d71c858-4fe6-4873-847e-c6c5c038a1d2","buy_buttons"],"settings":{"enable_sticky_info":true,"enable_video_looping":false,"custom_font_style":true,"title_fontsize":"24px","title_fontsize_m":"","title_fontweight":"","title_fontstretch":"","title_fontstyle":"normal","title_lineheight":"","title_letterspacing":"","price_fontsize":"20px","price_fontsize_m":"","price_fontweight":"","price_fontstretch":"","price_fontstyle":"normal","price_lineheight":"","price_letterspacing":"","option_fontsize":"16px","option_fontsize_m":"","option_fontweight":"600","option_fontstretch":"","option_fontstyle":"normal","option_lineheight":"","option_letterspacing":"","info_fontsize":"15px","info_fontsize_m":"","info_fontweight":"","info_fontstretch":"","info_fontstyle":"normal","info_lineheight":"","info_letterspacing":""}}},"order":["main"]}