{"sections":{"main":{"type":"product","blocks":{"vendor":{"type":"text","settings":{"text":"{{ product.vendor }}","text_style":"body"}},"title":{"type":"title","settings":{"title_fontsize":22,"title_fontsize_m":18,"title_fontweight":600,"title_fontstretch":"","title_fontstyle":"normal","title_lineheight":"","title_letterspacing":""}},"price":{"type":"price","settings":{"price_fontsize":16,"price_fontsize_m":14,"price_fontweight":400,"price_fontstretch":"","price_fontstyle":"normal","price_lineheight":"","price_letterspacing":""}},"variant_picker":{"type":"variant_picker","settings":{"color_picker_type":"color_name","general_picker_type":"sm_radius","option_bg_color":"#4a4a4a","option_br_color":"#8e8c8c","option_color":"#ffffff","selected_option_bg_color":"#ffffff","selected_option_br_color":"#353434","selected_option_color":"#333333","option_fontsize":16,"option_fontsize_m":16,"option_fontweight":400,"option_fontstretch":"","option_fontstyle":"normal","option_lineheight":"","option_letterspacing":""}},"quantity_selector":{"type":"quantity_selector","settings":{"option_color":"var(--py-color-light)"}},"buy_buttons":{"type":"buy_buttons","settings":{"bg_color":"var(--py-bg-color-middle-light)","color":"var(--py-color-dark)","btn_hover_bg_color":"var(--py-bg-color-dark)","btn_hover_color":"var(--py-color-avarge)","br_color":"var(--py-color-light)","btn_border_width":2,"btn_border_radius":6,"btn_font_size":18,"btn":"","show_dynamic_checkout":false,"fixed_add":true,"fixed_style":"style-1","fixed_add_bg_color":"var(--py-bg-color-light)","fixed_add_info_color":"var(--py-color-dark)","fixed_add_radius":7,"fixed_add_btn_bg_color":"var(--py-bg-color-light)","fixed_add_btn_color":"var(--py-color-dark)","fixed_add_btn_hv_bg_color":"var(--py-bg-color-light)","fixed_add_btn_hv_color":"var(--py-color-dark)","fixed_add_btn_radius":7,"sold_out_bg_color":"var(--py-bg-color-light)","sold_out_info_color":"var(--py-color-avarge)","sold_out_card_radius":7,"sold_out_border_color":"var(--py-color-dark)","sold_out_border_width":1,"sold_out_title_font_size":18,"sold_out_desc_font_size":14,"pre_order_bg_color":"var(--py-bg-color-avarge)","pre_order_info_color":"var(--py-color-light)","pre_order_card_radius":7,"pre_order_border_color":"var(--py-color-dark)","pre_order_border_width":1,"pre_order_title_font_size":18,"pre_order_desc_font_size":14,"pick_up_bg_color":"var(--py-bg-color-middle-light)","pick_up_info_color":"var(--py-color-dark)","pick_up_card_radius":10,"pick_up_border_color":"var(--py-color-avarge)","pick_up_border_width":1,"pick_up_title_font_size":20,"pick_up_txt":"This item is available for pickup at these locations:","pick_up_desc_font_size":15,"pick_up_location_bg_color":"var(--py-bg-color-light)","pick_up_location_info_color":"var(--py-color-dark)","pick_up_location_radius":18}},"46db913d-ed80-4195-a112-861a5b42ec28":{"type":"description","settings":{"info_fontsize":17,"info_fontsize_m":15,"info_fontweight":400,"info_fontstretch":"","info_fontstyle":"normal","info_lineheight":"","info_letterspacing":""}},"ebf2b153-c828-4ff7-9382-2a190c09eecc":{"type":"collapsible_tab","settings":{"bg_color":"transparent","color":"var(--py-color-light)","border_color":"var(--py-color-light)","heading":"About","content":"<p>add<\/p>","page":"","icon":"shirt"}},"3d71c858-4fe6-4873-847e-c6c5c038a1d2":{"type":"collapsible_tab","settings":{"bg_color":"","color":"var(--py-color-light)","border_color":"var(--py-color-light)","heading":"Shipping","content":"","page":"","icon":"return"}},"9b353cd0-2aa4-44ee-b46f-8554cbe45bf4":{"type":"collapsible_tab","settings":{"bg_color":"","color":"var(--py-color-light)","border_color":"var(--py-color-light)","heading":"Sizing Chart","content":"","page":"","icon":"ruler"}},"ee9858bf-bdd8-4787-92fc-78c0831a28ad":{"type":"collapsible_tab","settings":{"bg_color":"","color":"var(--py-color-light)","border_color":"var(--py-color-light)","heading":"Custom Section","content":"","page":"","icon":"check_mark"}}},"block_order":["vendor","title","price","variant_picker","quantity_selector","buy_buttons","46db913d-ed80-4195-a112-861a5b42ec28","ebf2b153-c828-4ff7-9382-2a190c09eecc","3d71c858-4fe6-4873-847e-c6c5c038a1d2","9b353cd0-2aa4-44ee-b46f-8554cbe45bf4","ee9858bf-bdd8-4787-92fc-78c0831a28ad"],"settings":{"enable_breadcrumb_nav":false,"media_style":"carousel_w_thumb","media_style_m":"top","pd_media_space":15,"enable_sticky_info":true,"enable_video_looping":false,"section_bg_color":"var(--py-bg-color-dark)","info_color":"var(--py-color-light)","page_width":"width-un","info_section_padding":"pd-x-m"}},"product-recommendations":{"type":"product-recommendations","settings":{"heading":"You may also like","section_bg_color":"var(--py-bg-color-dark)","title_color":"var(--py-color-light)","image_ratio":"square","image_gallery":true,"card_bg_color":"bg-c-average","card_radius":7,"item_space":15,"show_vendor":false,"show_colors":true,"show_variants_on_hover":true,"show_view_product":false,"show_quick_add":true,"info_align":"center","card_color":"c-light","card_btn_bg_color":"var(--py-bg-color-light)","card_btn_color":"var(--py-color-dark)","card_btn_br_color":"var(--py-color-dark)","card_btn_hover_bg_color":"var(--py-bg-color-light)","card_btn_hover_color":"var(--py-color-dark)","card_btn_hover_br_color":"var(--py-color-dark)","card_btn_border_width":1,"card_btn_border_radius":35,"custom_font_style":false,"title_fontsize":"","title_fontsize_m":"","title_fontweight":"","title_fontstretch":"","title_fontstyle":"normal","title_lineheight":"","title_letterspacing":"","info_fontsize":"","info_fontsize_m":"","info_fontweight":"","info_fontstretch":"","info_fontstyle":"normal","info_lineheight":"","info_letterspacing":""}},"16355310576604b9a8":{"type":"apps","settings":{"include_margins":false}}},"order":["main","product-recommendations","16355310576604b9a8"]}