{"sections":{"main":{"type":"main-product","blocks":{"title":{"type":"title","settings":{}},"fcbf5056-9396-4c3c-8387-d409a2c56051":{"type":"type","settings":{}},"4b5a6a21-c593-447a-9f02-4dc9214da8a3":{"type":"price","settings":{}},"cf493725-7b13-4377-b06a-8f844a8cd12a":{"type":"variant_picker","settings":{"picker_type":"button"}},"00b7d9a5-f8e4-4868-9ada-3b00d2bd4571":{"type":"quantity_selector","settings":{}},"6b53f12a-6a46-41ba-9b6d-6585fac3107d":{"type":"buy_buttons","settings":{"bg_color":"","color":"","btn":"","show_dynamic_checkout":false}},"17ea7d86-b6a5-4137-9c4c-053460df8183":{"type":"description","settings":{}}},"block_order":["title","fcbf5056-9396-4c3c-8387-d409a2c56051","4b5a6a21-c593-447a-9f02-4dc9214da8a3","cf493725-7b13-4377-b06a-8f844a8cd12a","00b7d9a5-f8e4-4868-9ada-3b00d2bd4571","6b53f12a-6a46-41ba-9b6d-6585fac3107d","17ea7d86-b6a5-4137-9c4c-053460df8183"],"settings":{"enable_sticky_info":true,"enable_video_looping":false}}},"order":["main"]}