{
  "sections": {
    "main": {
      "type": "product",
      "blocks": {
        "vendor": {
          "type": "text",
          "settings": {
            "text": "Product Name",
            "text_style": "body"
          }
        },
        "title": {
          "type": "title",
          "settings": {}
        },
        "price": {
          "type": "price",
          "settings": {}
        },
        "variant_picker": {
          "type": "variant_picker",
          "settings": {
            "color_picker_type": "color_name",
            "general_picker_type": "f_radius",
            "option_bg_color": "#ffffff",
            "option_br_color": "#000000",
            "option_color": "#000000",
            "selected_option_bg_color": "#c81e70",
            "selected_option_br_color": "#000000",
            "selected_option_color": "#ffffff"
          }
        },
        "quantity_selector": {
          "type": "quantity_selector",
          "settings": {}
        },
        "buy_buttons": {
          "type": "buy_buttons",
          "settings": {
            "bg_color": "#5c002e",
            "color": "#ffffff",
            "btn": "",
            "show_dynamic_checkout": true
          }
        },
        "46db913d-ed80-4195-a112-861a5b42ec28": {
          "type": "description",
          "settings": {}
        },
        "ebf2b153-c828-4ff7-9382-2a190c09eecc": {
          "type": "collapsible_tab",
          "settings": {
            "bg_color": "#731173",
            "color": "#ffffff",
            "heading": "Collapsible tab",
            "content": "",
            "icon": "heart"
          }
        }
      },
      "block_order": [
        "vendor",
        "title",
        "price",
        "variant_picker",
        "quantity_selector",
        "buy_buttons",
        "46db913d-ed80-4195-a112-861a5b42ec28",
        "ebf2b153-c828-4ff7-9382-2a190c09eecc"
      ],
      "settings": {
        "media_position": "left",
        "media_position_m": "grid",
        "enable_sticky_info": true,
        "enable_video_looping": false,
        "section_bg_color": "bg-c-dark",
        "page_width": "width-un",
        "custom_font_style": true,
        "title_fontsize": "",
        "title_fontsize_m": "",
        "title_fontweight": "",
        "title_fontstretch": "",
        "title_fontstyle": "italic",
        "title_lineheight": "",
        "title_letterspacing": "",
        "price_fontsize": "",
        "price_fontsize_m": "",
        "price_fontweight": "",
        "price_fontstretch": "",
        "price_fontstyle": "normal",
        "price_lineheight": "",
        "price_letterspacing": "",
        "option_fontsize": "",
        "option_fontsize_m": "",
        "option_fontweight": "",
        "option_fontstretch": "",
        "option_fontstyle": "normal",
        "option_lineheight": "",
        "option_letterspacing": "",
        "info_fontsize": "",
        "info_fontsize_m": "",
        "info_fontweight": "",
        "info_fontstretch": "",
        "info_fontstyle": "normal",
        "info_lineheight": "",
        "info_letterspacing": ""
      }
    },
    "product-recommendations": {
      "type": "product-recommendations",
      "settings": {
        "heading": "Make Ui Recommendations",
        "image_ratio": "square",
        "show_secondary_image": true,
        "add_image_padding": true,
        "show_vendor": true
      }
    }
  },
  "order": [
    "main",
    "product-recommendations"
  ]
}