{"sections":{"main":{"type":"main-product","blocks":{"vendor":{"type":"text","settings":{"text":"{{ product.vendor }}","text_style":"body"}},"title":{"type":"title","settings":{}},"price":{"type":"price","settings":{}},"variant_picker":{"type":"variant_picker","settings":{"color_picker_type":"color_name","general_picker_type":"f_radius","option_bg_color":"#4a4a4a","option_br_color":"#8e8c8c","option_color":"#fff","selected_option_bg_color":"#fff","selected_option_br_color":"#353434","selected_option_color":"#333"}},"quantity_selector":{"type":"quantity_selector","disabled":true,"settings":{}},"buy_buttons":{"type":"buy_buttons","settings":{"bg_color":"","color":"","btn":"","show_dynamic_checkout":false}},"46db913d-ed80-4195-a112-861a5b42ec28":{"type":"description","settings":{}},"ebf2b153-c828-4ff7-9382-2a190c09eecc":{"type":"collapsible_tab","settings":{"bg_color":"","color":"","heading":"About","content":"","page":"","icon":"shirt"}},"3d71c858-4fe6-4873-847e-c6c5c038a1d2":{"type":"collapsible_tab","settings":{"bg_color":"","color":"","heading":"Shipping","content":"","page":"","icon":"return"}},"9b353cd0-2aa4-44ee-b46f-8554cbe45bf4":{"type":"collapsible_tab","settings":{"bg_color":"","color":"","heading":"Sizing Chart","content":"","page":"","icon":"ruler"}},"ee9858bf-bdd8-4787-92fc-78c0831a28ad":{"type":"collapsible_tab","settings":{"bg_color":"","color":"","heading":"Custom Section","content":"","page":"","icon":"check_mark"}}},"block_order":["vendor","title","price","variant_picker","quantity_selector","buy_buttons","46db913d-ed80-4195-a112-861a5b42ec28","ebf2b153-c828-4ff7-9382-2a190c09eecc","3d71c858-4fe6-4873-847e-c6c5c038a1d2","9b353cd0-2aa4-44ee-b46f-8554cbe45bf4","ee9858bf-bdd8-4787-92fc-78c0831a28ad"],"settings":{"media_position":"top","media_position_m":"top","enable_sticky_info":true,"enable_video_looping":false,"section_bg_color":"bg-c-dark","page_width":"width-l","custom_font_style":true,"title_fontsize":"34px","title_fontsize_m":"","title_fontweight":"","title_fontstretch":"","title_fontstyle":"normal","title_lineheight":"","title_letterspacing":"","price_fontsize":"20px","price_fontsize_m":"","price_fontweight":"","price_fontstretch":"","price_fontstyle":"normal","price_lineheight":"","price_letterspacing":"","option_fontsize":"16px","option_fontsize_m":"","option_fontweight":"","option_fontstretch":"","option_fontstyle":"normal","option_lineheight":"","option_letterspacing":"","info_fontsize":"18px","info_fontsize_m":"","info_fontweight":"","info_fontstretch":"","info_fontstyle":"normal","info_lineheight":"","info_letterspacing":""}},"product-recommendations":{"type":"product-recommendations","settings":{"heading":"You may also like","image_ratio":"adapt","show_secondary_image":true,"add_image_padding":false,"show_vendor":false}},"16355310576604b9a8":{"type":"apps","settings":{"include_margins":false}}},"order":["main","product-recommendations","16355310576604b9a8"]}