{"sections":{"banner":{"type":"main-product-password-banner","settings":{"heading":"Password Product","image":"shopify:\/\/shop_images\/black-tie-mens-fashion.jpg","password":"CYBER","btn":"Enter","error":"Try Again Babe","countdown":"2022-11-25T00:00:00","show_override":false,"ov_bg_color":"#ffffff","color":"#ffffff","ov_opacity":""}},"main":{"type":"main-product","blocks":{"vendor":{"type":"text","disabled":true,"settings":{"text":"{{ product.vendor }}","text_style":"uppercase"}},"title":{"type":"title","settings":{}},"subtitle":{"type":"text","settings":{"text":"{{ product.metafields.descriptors.subtitle.value }}","text_style":"subtitle"}},"price":{"type":"price","settings":{}},"variant_picker":{"type":"variant_picker","settings":{"picker_type":"button"}},"quantity_selector":{"type":"quantity_selector","disabled":true,"settings":{}},"buy_buttons":{"type":"buy_buttons","settings":{"bg_color":"","color":"","btn":"","show_dynamic_checkout":false}},"description":{"type":"description","settings":{}},"86d1a8ed-8e76-4e6c-812e-04d4097f3420":{"type":"popup","settings":{"link_label":"{{ product.title }}","page":"contact"}}},"block_order":["vendor","title","subtitle","price","variant_picker","quantity_selector","buy_buttons","description","86d1a8ed-8e76-4e6c-812e-04d4097f3420"],"settings":{"media_position":"top","media_position_m":"top","enable_sticky_info":true,"enable_video_looping":false,"section_bg_color":"bg-c-un","page_width":"width-un","custom_font_style":false,"title_fontsize":"","title_fontsize_m":"","title_fontweight":"","title_fontstretch":"","title_fontstyle":"normal","title_lineheight":"","title_letterspacing":"","price_fontsize":"","price_fontsize_m":"","price_fontweight":"","price_fontstretch":"","price_fontstyle":"normal","price_lineheight":"","price_letterspacing":"","option_fontsize":"","option_fontsize_m":"","option_fontweight":"","option_fontstretch":"","option_fontstyle":"normal","option_lineheight":"","option_letterspacing":"","info_fontsize":"","info_fontsize_m":"","info_fontweight":"","info_fontstretch":"","info_fontstyle":"normal","info_lineheight":"","info_letterspacing":""}},"product-recommendations":{"type":"product-recommendations","settings":{"heading":"You may also like","image_ratio":"adapt","show_secondary_image":true,"add_image_padding":true,"show_vendor":true}}},"order":["banner","main","product-recommendations"]}