[
  {
    "name": "theme_info",
    "theme_name": "Make Ui",
    "theme_version": "1.0.0",
    "theme_author": "Shopify",
    "theme_documentation_url": "https://shopify.dev/themes/tools/dawn",
    "theme_support_url": "https://support.shopify.com/"
  },
  {
    "name": "Global Styles",
    "settings": [
      {
        "type": "header",
        "content": "Colors"
      },
      {
        "type": "paragraph",
        "content": "Backgrounds"
      },
      {
        "type": "color",
        "id": "py_bg_color_dark",
        "label": "Background Dark",
        "default": "#000000"
      },
      {
        "type": "color",
        "id": "py_bg_color_avarge",
        "label": "Background Average",
        "default": "#ffffff"
      },
      {
        "type": "color",
        "id": "py_bg_color_light",
        "label": "Background Light",
        "default": "#dcebf4"
      },
      {
        "type": "paragraph",
        "content": "Colors"
      },
      {
        "type": "color",
        "id": "py_color_dark",
        "label": "Label Dark",
        "default": "#000000"
      },
      {
        "type": "color",
        "id": "py_color_avarge",
        "label": "Label Avarge",
        "default": "#969892"
      },
      {
        "type": "color",
        "id": "py_color_light",
        "label": "Label Light",
        "default": "#ffffff"
      },
      {
        "type": "paragraph",
        "content": "Buttons"
      },
      {
        "type": "paragraph",
        "content": "Dark (default)"
      },
      {
        "type": "color",
        "id": "py_btn_bg_color_dark",
        "label": "Background",
        "default": "#333333"
      },
      {
        "type": "color",
        "id": "py_btn_hov_bg_color_dark",
        "label": "Hover Background",
        "default": "#000000"
      },
      {
        "type": "color",
        "id": "py_btn_color_dark",
        "label": "Label",
        "default": "#ffffff"
      },
      {
        "type": "color",
        "id": "py_btn_hov_color_dark",
        "label": "Hover Label",
        "default": "#ffffff"
      },
      {
        "type": "paragraph",
        "content": "Avarge"
      },
      {
        "type": "color",
        "id": "py_btn_bg_color_avarge",
        "label": "Background",
        "default": "#969892"
      },
      {
        "type": "color",
        "id": "py_btn_hov_bg_color_avarge",
        "label": "Hover Background",
        "default": "#979993"
      },
      {
        "type": "color",
        "id": "py_btn_color_avarge",
        "label": "Label",
        "default": "#f1f1f1"
      },
      {
        "type": "color",
        "id": "py_btn_hov_color_avarge",
        "label": "Hover label",
        "default": "#f4f4f4"
      },
      {
        "type": "paragraph",
        "content": "Light"
      },
      {
        "type": "color",
        "id": "py_btn_bg_color_light",
        "label": "Background",
        "default": "#ffffff"
      },
      {
        "type": "color",
        "id": "py_btn_hov_bg_color_light",
        "label": "Hover Background",
        "default": "#f5f5f5"
      },
      {
        "type": "color",
        "id": "py_btn_color_light",
        "label": "Label",
        "default": "#000000"
      },
      {
        "type": "color",
        "id": "py_btn_hov_color_light",
        "label": "Hover Label",
        "default": "#555555"
      },
      {
        "type": "paragraph",
        "content": "Body"
      },
      {
        "type": "color",
        "id": "py_bg_body_color",
        "label": "Background",
        "default": "#ffffff"
      },
      {
        "type": "color",
        "id": "py_body_color",
        "label": "Text",
        "default": "#333333"
      },
      {
        "type": "color",
        "id": "py_body_link_color",
        "label": "Link",
        "default": "#315399"
      },
      {
        "type": "color",
        "id": "py_body_link_hov_color",
        "label": "Hover Link",
        "default": "#325499"
      },
      {
        "type": "paragraph",
        "content": "Announcement Bar"
      },
      {
        "type": "color",
        "id": "py_announcement_bg_color",
        "label": "Background",
        "default": "#000000"
      },
      {
        "type": "color",
        "id": "py_announcement_color",
        "label": "Text",
        "default": "#ffffff"
      },
      {
        "type": "color",
        "id": "py_announcement_link_color",
        "label": "Link",
        "default": "#315399"
      },
      {
        "type": "color",
        "id": "py_announcement_link_hov_color",
        "label": "Hover Link",
        "default": "#335599"
      },
      {
        "type": "paragraph",
        "content": "Header"
      },
      {
        "type": "color",
        "id": "py_header_bg_color",
        "label": "Background",
        "default": "#ffffff"
      },
      {
        "type": "color",
        "id": "py_header_color",
        "label": "Text",
        "default": "#000000"
      },
      {
        "type": "color",
        "id": "py_header_link_color",
        "label": "Link",
        "default": "#000000"
      },
      {
        "type": "color",
        "id": "py_header_link_hov_color",
        "label": "Hover Link",
        "default": "#333333"
      },
      {
        "type": "paragraph",
        "content": "Bags"
      },
      {
        "type": "color",
        "id": "py_bag_bg_color",
        "label": "Background",
        "default": "#70c989"
      },
      {
        "type": "color",
        "id": "py_bag_color",
        "label": "Text",
        "default": "#20272d"
      },
      {
        "type": "paragraph",
        "content": "Social Icons"
      },
      {
        "type": "color",
        "id": "py_social_bg_color",
        "label": "Background",
        "default": "#70c989"
      },
      {
        "type": "color",
        "id": "py_social_color",
        "label": "Text",
        "default": "#20272d"
      },
      {
        "type": "paragraph",
        "content": "Cart Drawer"
      },
      {
        "type": "paragraph",
        "content": "Headings"
      },
      {
        "type": "color",
        "id": "py_heading_color",
        "label": "Heading (h1,h2 or .h1,.h2)",
        "default": "#000000"
      },
      {
        "type": "color",
        "id": "py_title_color",
        "label": "Title (h3,h4 or .h3,.h4)",
        "default": "#70c989"
      },
      {
        "type": "color",
        "id": "py_sub_title_color",
        "label": "Sub Title (h5,h6 or .h5,.h6)",
        "default": "#707e74"
      },
      {
        "type": "paragraph",
        "content": "Fields"
      },
      {
        "type": "color",
        "id": "py_field_bg_color",
        "label": "Background",
        "default": "#222222"
      },
      {
        "type": "color",
        "id": "py_field_color",
        "label": "Text",
        "default": "#ffffff"
      },
      {
        "type": "color",
        "id": "py_field_br_color",
        "label": "Border",
        "default": "#9b9b9b"
      },
      {
        "type": "color",
        "id": "py_field_focus_color",
        "label": "Focus",
        "default": "#11998e"
      },
      {
        "type": "paragraph",
        "content": "Footer"
      },
      {
        "type": "color",
        "id": "py_footer_bg_color",
        "label": "Background",
        "default": "#000000"
      },
      {
        "type": "color",
        "id": "py_footer_color",
        "label": "Text",
        "default": "#ffffff"
      },
      {
        "type": "color",
        "id": "py_footer_link_color",
        "label": "Link",
        "default": "#315399"
      },
      {
        "type": "color",
        "id": "py_footer_link_hov_color",
        "label": "Hover Link",
        "default": "#325499"
      },
      {
        "type": "paragraph",
        "content": "Border"
      },
      {
        "type": "color",
        "id": "py_br_c",
        "label": "Color",
        "default": "#000000"
      },
      {
        "type": "header",
        "content": "__________"
      },
      {
        "type": "header",
        "content": "Body Font"
      },
      {
        "type": "font_picker",
        "id": "body_font",
        "default": "akko_n4",
        "label": "Font",
        "info": "t:settings_schema.typography.settings.type_body_font.info"
      },
      {
        "type": "text",
        "id": "body_font_google",
        "label": "Google Font",
        "default": "Roboto"
      },
      {
        "type": "header",
        "content": "__________"
      }
    ]
  },
  {
    "name": "Typography Settings",
    "settings": [
      {
        "type": "header",
        "content": "H1, H2"
      },
      {
        "type": "text",
        "id": "h1_font_size",
        "label": "H1 Font Size",
        "default": "36px"
      },
      {
        "type": "text",
        "id": "h2_font_size",
        "label": "H2 Font Size",
        "default": "28px"
      },
      {
        "type": "text",
        "id": "h12_line_height",
        "label": "Line Height",
        "default": "1.5"
      },
      {
        "type": "text",
        "id": "h12_letter_spacing",
        "label": "Letter Spacing",
        "default": ".5px"
      },
      {
        "type": "select",
        "id": "h12_text_transform",
        "label": "Text Transform",
        "options": [
          {
            "label": "None",
            "value": "none"
          },
          {
            "label": "Uppercase",
            "value": "uppercase"
          },
          {
            "label": "Capitalize",
            "value": "capitalize"
          },
          {
            "label": "Lowercase",
            "value": "lowercase"
          }
        ],
        "default": "none"
      },
      {
        "type": "font_picker",
        "id": "h12_font",
        "default": "akko_n4",
        "label": "Font"
      },
      {
        "type": "text",
        "id": "h1h2_font_google",
        "label": "Google Font",
        "default": "Roboto"
      },
      {
        "type": "header",
        "content": "__________"
      },
      {
        "type": "header",
        "content": "H3, H4"
      },
      {
        "type": "text",
        "id": "h3_font_size",
        "label": "H3 Font Size",
        "default": "28px"
      },
      {
        "type": "text",
        "id": "h4_font_size",
        "label": "H4 Font Size",
        "default": "28px"
      },
      {
        "type": "text",
        "id": "h34_line_height",
        "label": "Line Height",
        "default": "1.5"
      },
      {
        "type": "text",
        "id": "h34_letter_spacing",
        "label": "Letter Spacing",
        "default": ".5px"
      },
      {
        "type": "select",
        "id": "h34_text_transform",
        "label": "Text Transform",
        "options": [
          {
            "label": "None",
            "value": "none"
          },
          {
            "label": "Uppercase",
            "value": "uppercase"
          },
          {
            "label": "Capitalize",
            "value": "capitalize"
          },
          {
            "label": "Lowercase",
            "value": "lowercase"
          }
        ],
        "default": "none"
      },
      {
        "type": "font_picker",
        "id": "h34_font",
        "default": "akko_n4",
        "label": "Font"
      },
      {
        "type": "text",
        "id": "h34_font_google",
        "label": "Google Font",
        "default": "Roboto"
      },
      {
        "type": "header",
        "content": "__________"
      },
      {
        "type": "header",
        "content": "H5, H6"
      },
      {
        "type": "text",
        "id": "h5_font_size",
        "label": "H5 Font Size",
        "default": "28px"
      },
      {
        "type": "text",
        "id": "h6_font_size",
        "label": "H6 Font Size",
        "default": "28px"
      },
      {
        "type": "text",
        "id": "h56_line_height",
        "label": "Line Height",
        "default": "1.5"
      },
      {
        "type": "text",
        "id": "h56_letter_spacing",
        "label": "Letter Spacing",
        "default": ".5px"
      },
      {
        "type": "select",
        "id": "h56_text_transform",
        "label": "Text Transform",
        "options": [
          {
            "label": "None",
            "value": "none"
          },
          {
            "label": "Uppercase",
            "value": "uppercase"
          },
          {
            "label": "Capitalize",
            "value": "capitalize"
          },
          {
            "label": "Lowercase",
            "value": "lowercase"
          }
        ],
        "default": "none"
      },
      {
        "type": "font_picker",
        "id": "h56_font",
        "default": "akko_n4",
        "label": "Font"
      },
      {
        "type": "text",
        "id": "h56_font_google",
        "label": "Google Font",
        "default": "Roboto"
      },
      {
        "type": "header",
        "content": "__________"
      },
      {
        "type": "header",
        "content": "Paragraph"
      },
      {
        "type": "text",
        "id": "p_font_size",
        "label": "Font Size",
        "default": "16px"
      },
      {
        "type": "text",
        "id": "p_line_height",
        "label": "Line Height",
        "default": "1.5"
      },
      {
        "type": "text",
        "id": "p_letter_spacing",
        "label": "Letter Spacing",
        "default": ".5px"
      },
      {
        "type": "font_picker",
        "id": "p_font",
        "default": "akko_n4",
        "label": "Font"
      },
      {
        "type": "text",
        "id": "p_font_google",
        "label": "Google Font",
        "default": "Roboto"
      },
      {
        "type": "header",
        "content": "__________"
      },
      {
        "type": "header",
        "content": "Buttons"
      },
      {
        "type": "text",
        "id": "button_font_size",
        "label": "Font Size",
        "default": "18px"
      },
      {
        "type": "text",
        "id": "button_font_spacing",
        "label": "Letter Spacing",
        "default": "normal"
      },
      {
        "type": "select",
        "id": "button_font_transform",
        "label": "Text Transform",
        "options": [
          {
            "label": "None",
            "value": "none"
          },
          {
            "label": "Uppercase",
            "value": "uppercase"
          },
          {
            "label": "Capitalize",
            "value": "capitalize"
          },
          {
            "label": "Lowercase",
            "value": "lowercase"
          }
        ],
        "default": "none"
      },
      {
        "type": "font_picker",
        "id": "button_font",
        "default": "sans-serif",
        "label": "Font"
      },
      {
        "type": "text",
        "id": "button_font_google",
        "label": "Google Font",
        "default": "Roboto"
      },
      {
        "type": "header",
        "content": "__________"
      },
      {
        "type": "header",
        "content": "Navigation Menu"
      },
      {
        "type": "text",
        "id": "nav_font_size",
        "label": "Font Size",
        "default": "16px"
      },
      {
        "type": "text",
        "id": "nav_font_line",
        "label": "Line Height",
        "default": "1.5"
      },
      {
        "type": "text",
        "id": "nav_font_spacing",
        "label": "Letter Spacing",
        "default": "normal"
      },
      {
        "type": "select",
        "id": "nav_font_transform",
        "label": "Text Transform",
        "options": [
          {
            "label": "None",
            "value": "none"
          },
          {
            "label": "Uppercase",
            "value": "uppercase"
          },
          {
            "label": "Capitalize",
            "value": "capitalize"
          },
          {
            "label": "Lowercase",
            "value": "lowercase"
          }
        ],
        "default": "none"
      },
      {
        "type": "font_picker",
        "id": "nav_font",
        "default": "sans-serif",
        "label": "Font"
      },
      {
        "type": "text",
        "id": "nav_font_google",
        "label": "Google Font",
        "default": "Roboto"
      },
      {
        "type": "header",
        "content": "__________"
      },
      {
        "type": "header",
        "content": "Input Fields"
      },
      {
        "type": "font_picker",
        "id": "field_font",
        "default": "sans-serif",
        "label": "Font"
      },
      {
        "type": "text",
        "id": "field_font_google",
        "label": "Google Font",
        "default": "Roboto"
      },
      {
        "type": "text",
        "id": "field_font_size",
        "label": "Font Size",
        "default": "16px"
      },
      {
        "type": "header",
        "content": "__________"
      }
    ]
  },
  {
    "name": "Spacing Values",
    "settings": [
      {
        "type": "header",
        "content": "Page Container"
      },
      {
        "type": "text",
        "id": "py_page_width",
        "label": "Page Width",
        "default": "100%",
        "info": "The default is full width (100%), and that's for all content."
      },
      {
        "type": "text",
        "id": "py_page_pd",
        "label": "Padding",
        "default": "0 2rem",
        "info": "These are container paddings for all content."
      },
      {
        "type": "text",
        "id": "py_page_mg",
        "label": "Margin",
        "default": "3.5rem 0",
        "info": "These are section spaces for all content."
      },
      {
        "type": "header",
        "content": "__________"
      },
      {
        "type": "header",
        "content": "Breakpoints"
      },
      {
        "type": "text",
        "id": "py_width_l",
        "label": "Width Large",
        "default": "1440px",
        "info": "This is Large width, by default it is 1440px and you can use it in the custom settings section."
      },
      {
        "type": "text",
        "id": "py_width_m",
        "label": "Width Medium",
        "default": "1024px",
        "info": "This is Medium width, by default it is 1024px and you can use it in the custom settings section."
      },
      {
        "type": "text",
        "id": "py_width_s",
        "label": "Width Small",
        "default": "960px",
        "info": "This is Small width, by default it is 960px and you can use it in the custom settings section."
      },
      {
        "type": "text",
        "id": "py_fs_xl",
        "label": "Font Size XL",
        "default": "46px"
      },
      {
        "type": "text",
        "id": "py_fs_l",
        "label": "Font Size L",
        "default": "43px"
      },
      {
        "type": "text",
        "id": "py_fs_m",
        "label": "Font Size M",
        "default": "28px"
      },
      {
        "type": "text",
        "id": "py_fs_s",
        "label": "Font Size S",
        "default": "16px"
      },
      {
        "type": "text",
        "id": "py_fs_xs",
        "label": "Font Size XS",
        "default": "12px"
      },
      {
        "type": "header",
        "content": "__________"
      },
      {
        "type": "header",
        "content": "Padding Scales"
      },
      {
        "type": "text",
        "id": "py_pd_x_xl",
        "label": "Padding H XL",
        "default": "4rem"
      },
      {
        "type": "text",
        "id": "py_pd_x_l",
        "label": "Padding H L",
        "default": "3.5rem"
      },
      {
        "type": "text",
        "id": "py_pd_x_m",
        "label": "Padding H M",
        "default": "2.5rem"
      },
      {
        "type": "text",
        "id": "py_pd_x_s",
        "label": "Padding H S",
        "default": "1.5rem"
      },
      {
        "type": "text",
        "id": "py_pd_x_xs",
        "label": "Padding H XS",
        "default": "1rem"
      },
      {
        "type": "text",
        "id": "py_pd_y_xl",
        "label": "Padding V XL",
        "default": ".550rem"
      },
      {
        "type": "text",
        "id": "py_pd_y_l",
        "label": "Padding V L",
        "default": "3.5rem"
      },
      {
        "type": "text",
        "id": "py_pd_y_m",
        "label": "Padding V M",
        "default": "2.5rem"
      },
      {
        "type": "text",
        "id": "py_pd_y_s",
        "label": "Padding V S",
        "default": "1.5rem"
      },
      {
        "type": "text",
        "id": "py_pd_y_xs",
        "label": "Padding V XS",
        "default": "1rem"
      },
      {
        "type": "header",
        "content": "__________"
      },
      {
        "type": "header",
        "content": "Margin Scales"
      },
      {
        "type": "text",
        "id": "py_mg_x_xl",
        "label": "Margin H XL",
        "default": "4rem"
      },
      {
        "type": "text",
        "id": "py_mg_x_l",
        "label": "Margin H L",
        "default": "3.5rem"
      },
      {
        "type": "text",
        "id": "py_mg_x_m",
        "label": "Margin H M",
        "default": "2.5rem"
      },
      {
        "type": "text",
        "id": "py_mg_x_s",
        "label": "Margin H S",
        "default": "1.5rem"
      },
      {
        "type": "text",
        "id": "py_mg_x_xs",
        "label": "Margin H XS",
        "default": "1rem"
      },
      {
        "type": "text",
        "id": "py_mg_y_xl",
        "label": "Margin V XL",
        "default": "4rem"
      },
      {
        "type": "text",
        "id": "py_mg_y_l",
        "label": "Margin V L",
        "default": "3.5rem"
      },
      {
        "type": "text",
        "id": "py_mg_y_m",
        "label": "Margin V M",
        "default": "2.5rem"
      },
      {
        "type": "text",
        "id": "py_mg_y_s",
        "label": "Margin V S",
        "default": "1.5rem"
      },
      {
        "type": "text",
        "id": "py_mg_y_xs",
        "label": "Margin V XS",
        "default": "1rem"
      },
      {
        "type": "header",
        "content": "__________"
      },
      {
        "type": "header",
        "content": "Borders"
      },
      {
        "type": "select",
        "id": "py_br_s",
        "label": "Style",
        "options": [
          {
            "label": "Solid",
            "value": "solid"
          }
        ],
        "default": "solid"
      },
      {
        "type": "text",
        "id": "py_br",
        "label": "Horizontal and Vertical",
        "default": "1px"
      },
      {
        "type": "text",
        "id": "py_br_y",
        "label": "Vertical",
        "default": "2px"
      },
      {
        "type": "text",
        "id": "py_br_x",
        "label": "Horizontal",
        "default": "1px"
      },
      {
        "type": "header",
        "content": "__________"
      }
    ]
  },
  {
    "name": "Social Media Settings",
    "settings": [
      {
        "type": "header",
        "content": "t:settings_schema.social-media.settings.header__1.content"
      },
      {
        "type": "checkbox",
        "id": "share_facebook",
        "default": true,
        "label": "t:settings_schema.social-media.settings.share_facebook.label"
      },
      {
        "type": "checkbox",
        "id": "share_twitter",
        "default": true,
        "label": "t:settings_schema.social-media.settings.share_twitter.label"
      },
      {
        "type": "checkbox",
        "id": "share_pinterest",
        "default": true,
        "label": "t:settings_schema.social-media.settings.share_pinterest.label"
      },
      {
        "type": "header",
        "content": "t:settings_schema.social-media.settings.header__2.content"
      },
      {
        "type": "text",
        "id": "social_twitter_link",
        "label": "t:settings_schema.social-media.settings.social_twitter_link.label",
        "info": "t:settings_schema.social-media.settings.social_twitter_link.info"
      },
      {
        "type": "text",
        "id": "social_facebook_link",
        "label": "t:settings_schema.social-media.settings.social_facebook_link.label",
        "info": "t:settings_schema.social-media.settings.social_facebook_link.info"
      },
      {
        "type": "text",
        "id": "social_pinterest_link",
        "label": "t:settings_schema.social-media.settings.social_pinterest_link.label",
        "info": "t:settings_schema.social-media.settings.social_pinterest_link.info"
      },
      {
        "type": "text",
        "id": "social_instagram_link",
        "label": "t:settings_schema.social-media.settings.social_instagram_link.label",
        "info": "t:settings_schema.social-media.settings.social_instagram_link.info"
      },
      {
        "type": "text",
        "id": "social_tiktok_link",
        "label": "t:settings_schema.social-media.settings.social_tiktok_link.label",
        "info": "t:settings_schema.social-media.settings.social_tiktok_link.info"
      },
      {
        "type": "text",
        "id": "social_tumblr_link",
        "label": "t:settings_schema.social-media.settings.social_tumblr_link.label",
        "info": "t:settings_schema.social-media.settings.social_tumblr_link.info"
      },
      {
        "type": "text",
        "id": "social_snapchat_link",
        "label": "t:settings_schema.social-media.settings.social_snapchat_link.label",
        "info": "t:settings_schema.social-media.settings.social_snapchat_link.info"
      },
      {
        "type": "text",
        "id": "social_youtube_link",
        "label": "t:settings_schema.social-media.settings.social_youtube_link.label",
        "info": "t:settings_schema.social-media.settings.social_youtube_link.info"
      },
      {
        "type": "text",
        "id": "social_vimeo_link",
        "label": "t:settings_schema.social-media.settings.social_vimeo_link.label",
        "info": "t:settings_schema.social-media.settings.social_vimeo_link.info"
      }
    ]
  },
  {
    "name": "Colors Images",
    "settings": [
      {
        "type": "header",
        "content": "Color Swatch Style"
      },
      {
        "type": "select",
        "id": "c_s_style",
        "options": [
          {
            "label": "Style 1",
            "value": "style-1"
          },
          {
            "label": "Style 2",
            "value": "style-2"
          }
        ],
        "label": "Select Style",
        "default": "style-1"
      },
      {
        "type": "paragraph",
        "content": "Zebra"
      },
      {
        "type": "color",
        "id": "c_bg_zebra",
        "label": "Zebra Color"
      },
      {
        "type": "image_picker",
        "id": "c_zebra",
        "label": "Zebra Image"
      },
      {
        "type": "paragraph",
        "content": "Python"
      },
      {
        "type": "color",
        "id": "c_bg_python",
        "label": "Python Color"
      },
      {
        "type": "image_picker",
        "id": "c_python",
        "label": "Python Image"
      },
      {
        "type": "paragraph",
        "content": "Espresso"
      },
      {
        "type": "color",
        "id": "c_bg_espresso",
        "label": "Espresso Color",
        "default": "#4f2f27"
      },
      {
        "type": "image_picker",
        "id": "c_espresso",
        "label": "Espresso Image"
      },
      {
        "type": "paragraph",
        "content": "Black"
      },
      {
        "type": "color",
        "id": "c_bg_black",
        "label": "Black Color",
        "default": "#000000"
      },
      {
        "type": "image_picker",
        "id": "c_black",
        "label": "Black Image"
      },
      {
        "type": "paragraph",
        "content": "White"
      },
      {
        "type": "color",
        "id": "c_bg_white",
        "label": "White Color",
        "default": "#ffffff"
      },
      {
        "type": "image_picker",
        "id": "c_white",
        "label": "White Image"
      },
      {
        "type": "paragraph",
        "content": "Flora"
      },
      {
        "type": "color",
        "id": "c_bg_flora",
        "label": "Flora Color"
      },
      {
        "type": "image_picker",
        "id": "c_flora",
        "label": "Flora Image"
      },
      {
        "type": "paragraph",
        "content": "Rose"
      },
      {
        "type": "color",
        "id": "c_bg_rose",
        "label": "Rose Color",
        "default": "#e9999a"
      },
      {
        "type": "image_picker",
        "id": "c_rose",
        "label": "Rose Image"
      },
      {
        "type": "paragraph",
        "content": "Pomelo"
      },
      {
        "type": "color",
        "id": "c_bg_pomelo",
        "label": "Pomelo Color"
      },
      {
        "type": "image_picker",
        "id": "c_pomelo",
        "label": "Pomelo Image"
      },
      {
        "type": "paragraph",
        "content": "Paradiso"
      },
      {
        "type": "color",
        "id": "c_bg_paradiso",
        "label": "Paradiso Color"
      },
      {
        "type": "image_picker",
        "id": "c_paradiso",
        "label": "Paradiso Image"
      },
      {
        "type": "paragraph",
        "content": "Valencia"
      },
      {
        "type": "color",
        "id": "c_bg_valencia",
        "label": "Valencia Color"
      },
      {
        "type": "image_picker",
        "id": "c_valencia",
        "label": "Valencia Image"
      },
      {
        "type": "paragraph",
        "content": "Stunning Queen"
      },
      {
        "type": "color",
        "id": "c_bg_stunning_queen",
        "label": "Stunning Queen Color"
      },
      {
        "type": "image_picker",
        "id": "c_stunning_queen",
        "label": "Stunning Queen Image"
      },
      {
        "type": "paragraph",
        "content": "Bloom"
      },
      {
        "type": "color",
        "id": "c_bg_bloom",
        "label": "Bloom Color"
      },
      {
        "type": "image_picker",
        "id": "c_bloom",
        "label": "Bloom Image"
      },
      {
        "type": "paragraph",
        "content": "Aqua"
      },
      {
        "type": "color",
        "id": "c_bg_aqua",
        "label": "Aqua Color"
      },
      {
        "type": "image_picker",
        "id": "c_aqua",
        "label": "Aqua Image"
      },
      {
        "type": "paragraph",
        "content": "Cocoa"
      },
      {
        "type": "color",
        "id": "c_bg_cocoa",
        "label": "Cocoa Color"
      },
      {
        "type": "image_picker",
        "id": "c_cocoa",
        "label": "Cocoa Image"
      },
      {
        "type": "paragraph",
        "content": "Persia"
      },
      {
        "type": "color",
        "id": "c_bg_persia",
        "label": "Persia Color"
      },
      {
        "type": "image_picker",
        "id": "c_persia",
        "label": "Persia Image"
      },
      {
        "type": "paragraph",
        "content": "Off White"
      },
      {
        "type": "color",
        "id": "c_bg_off_white",
        "label": "Off White Color"
      },
      {
        "type": "image_picker",
        "id": "c_off_white",
        "label": "Off White Image"
      },
      {
        "type": "paragraph",
        "content": "Gold"
      },
      {
        "type": "color",
        "id": "c_bg_gold",
        "label": "Gold Color"
      },
      {
        "type": "image_picker",
        "id": "c_gold",
        "label": "Gold Image"
      },
      {
        "type": "paragraph",
        "content": "Rose Water"
      },
      {
        "type": "color",
        "id": "c_bg_rose_water",
        "label": "Rose Water Color"
      },
      {
        "type": "image_picker",
        "id": "c_rose_water",
        "label": "Rose Water Image"
      },
      {
        "type": "paragraph",
        "content": "Daisy"
      },
      {
        "type": "color",
        "id": "c_bg_daisy",
        "label": "Daisy Color"
      },
      {
        "type": "image_picker",
        "id": "c_daisy",
        "label": "Daisy Image"
      }
    ]
  },
  {
    "name": "Discount",
    "settings": [
      {
        "type": "text",
        "id": "discount",
        "label": "Discount Percent (%) For All Products Prices",
        "default": "25"
      },
      {
        "type": "text",
        "id": "discount_hide_collections",
        "label": "Collections to exclude on Discount",
        "info": " Use '|' to seperate Collection. EX: 3 PIECE SWIM|Viviane's Faves"
      }
    ]
  },
  {
    "name": "Cart",
    "settings": [
      {
        "type": "select",
        "id": "cart_style",
        "options": [
          {
            "label": "Style 1",
            "value": "style-1"
          },
          {
            "label": "Style 2",
            "value": "style-2"
          },
          {
            "label": "Style 3",
            "value": "style-3"
          },
          {
            "label": "Style 4",
            "value": "style-4"
          }
        ],
        "label": "Cart Style",
        "default": "style-1"
      },
      {
        "type": "text",
        "id": "cart_heading",
        "label": "Heading",
        "default": "YOUR SHOPPING BAG"
      },
      {
        "type": "select",
        "id": "checkoutbtn_position",
        "label": "Checkout Button Position",
        "options": [
          {
            "label": "Top",
            "value": "top"
          },
          {
            "label": "Bottom",
            "value": "bottom"
          }
        ],
        "default": "bottom",
        "info": "This option will work for only Cart style 1"
      },
      {
        "type": "select",
        "id": "cart_layout",
        "label": "Cart Modal Layout",
        "options": [
          {
            "label": "One Column",
            "value": "one-c"
          },
          {
            "label": "Two Column",
            "value": "two-c"
          }
        ],
        "default": "two-c",
        "info": "This option will work for only Cart style 2"
      },
      {
        "type": "text",
        "id": "button_radius",
        "default": "100",
        "label": "Checkout Button Radius"
      },
      {
        "type": "color",
        "id": "py_cart_bg_color",
        "label": "Cart Drawer Background",
        "default": "#ffffff"
      },
      {
        "type": "color",
        "id": "py_cart_color",
        "label": "Cart Drawer Text",
        "default": "#000000"
      },
      {
        "type": "color",
        "id": "ck_btn_bg",
        "default": "#671877",
        "label": "CheckOut Button Background"
      },
      {
        "type": "color",
        "id": "ck_btn_color",
        "default": "#ffffff",
        "label": "CheckOut Button Color"
      },
      {
        "type": "color",
        "id": "ck_btn_hover_bg",
        "default": "#333333",
        "label": "CheckOut Button Hover Background"
      },
      {
        "type": "color",
        "id": "ck_btn_hover_color",
        "default": "#70c989",
        "label": "CheckOut Button Hover Color"
      },
      {
        "type": "color",
        "id": "item_bg",
        "default": "#ffffff",
        "label": "Item Background"
      },
      {
        "type": "text",
        "id": "item_radius",
        "default": "10",
        "label": "Item Border Radius"
      },
      {
        "type": "text",
        "id": "item_title_font_size",
        "default": "12px",
        "label": "Item Title Font Size"
      },
      {
        "type": "text",
        "id": "item_content_font_size",
        "default": "10px",
        "label": "Item Content Font Size"
      },
      {
        "type": "text",
        "id": "item_price_font_size",
        "default": "12px",
        "label": "Item Price Font Size"
      },
      {
        "type": "checkbox",
        "id": "enable_dynamic_pay",
        "default": false,
        "label": "Add Dynamic Payment Button"
      },
      {
        "type": "product",
        "id": "upsell_product",
        "label": "Upsell Product",
        "info": "Only Cart Style 4 option"
      },
      {
        "type": "checkbox",
        "id": "show_packaging",
        "label": "Show Less Packaging",
        "default": true
      },
      {
        "type": "text",
        "id": "packaging",
        "label": "Packaging Label",
        "default": "LESS PACKAGING"
      },
      {
        "type": "text",
        "id": "packaging_note",
        "label": "Note",
        "default": "Pack with less packaging"
      },
      {
        "type": "checkbox",
        "id": "show_insurance",
        "label": "Show Insurance",
        "default": true
      },
      {
        "type": "product",
        "id": "prod_insurance",
        "label": "For Insurance"
      },
      {
        "type": "checkbox",
        "id": "insurance_auto",
        "label": "Auto Select Insurance",
        "default": true
      },
      {
        "type": "text",
        "id": "insurance",
        "label": "Insurance Label",
        "default": "437 SHIPPING INSURANCE ($5 USD)"
      },
      {
        "type": "header",
        "content": "Free Shipping Progress"
      },
      {
        "type": "textarea",
        "id": "f_s_currency",
        "label": "Which currencies to show free shipping banner",
        "default": "USD,CAD"
      },
      {
        "type": "checkbox",
        "id": "f_s_show",
        "label": "Show",
        "default": true
      },
      {
        "type": "text",
        "id": "f_s_price",
        "label": "Price",
        "default": "100",
        "info": "Price is USD"
      },
      {
        "type": "richtext",
        "id": "f_s_text",
        "label": "Free Shipping Text",
        "default": "<p>YOUвЂ™RE <strong>$100</strong> USD AWAY FROM FREE SHIPPING</p>",
        "info": "Please select ONLY PRICE and add the STRONG (BOLD) style"
      },
      {
        "type": "richtext",
        "id": "f_s_succsess",
        "label": "Succsess Message",
        "default": "<p>YOU QUALIFY FOR FREE SHIPPING!</p>"
      },
      {
        "type": "color",
        "id": "f_s_bg_color",
        "label": "Progress Bar Background",
        "default": "#866a59"
      }
    ]
  },
  {
    "name": "Section Style",
    "settings": [
      {
        "type": "select",
        "id": "section_style",
        "options": [
          {
            "label": "Default",
            "value": "default"
          },
          {
            "label": "Border",
            "value": "br"
          }
        ],
        "label": "Sections Style",
        "default": "default"
      }
    ]
  },
  {
    "name": "Animation",
    "settings": [
      {
        "type": "checkbox",
        "id": "enable_global_anim",
        "label": "Enable Animations",
        "default": false
      },
      {
        "type": "checkbox",
        "id": "anim_mobile",
        "label": "Disable in Mobile",
        "default": true
      },
      {
        "type": "checkbox",
        "id": "anim_once",
        "label": "Enable Once",
        "default": true,
        "info": "Whether animation should happen only once - while scrolling down"
      },
      {
        "type": "text",
        "id": "anim_duration",
        "label": "Duration",
        "default": "400",
        "info": "Values from 0 to 3000, with step 50ms"
      },
      {
        "type": "text",
        "id": "anim_delay",
        "label": "Delay",
        "default": "0",
        "info": "Values from 0 to 3000, with step 50ms"
      },
      {
        "type": "select",
        "id": "anim_easing",
        "label": "Easing",
        "options": [
          {
            "label": "Ease",
            "value": "ease"
          },
          {
            "label": "Ease In",
            "value": "ease-in"
          },
          {
            "label": "Ease Out",
            "value": "ease-out"
          }
        ],
        "default": "ease"
      },
      {
        "type": "select",
        "id": "anim_anchor",
        "label": "Anchor placements",
        "options": [
          {
            "label": "Top Bottom",
            "value": "top-bottom"
          },
          {
            "label": "Top Center",
            "value": "top-center"
          },
          {
            "label": "Top Top",
            "value": "top-top"
          },
          {
            "label": "Center Bottom",
            "value": "center-bottom"
          },
          {
            "label": "Center Center",
            "value": "center-center"
          },
          {
            "label": "center Top",
            "value": "Center-top"
          },
          {
            "label": "Bottom Bottom",
            "value": "bottom-bottom"
          },
          {
            "label": "Bottom Center",
            "value": "bottom-center"
          },
          {
            "label": "Bottom Top",
            "value": "bottom-top"
          }
        ],
        "info": "Defines which position of the element regarding to window should trigger the animation",
        "default": "top-bottom"
      }
    ]
  }
]