{"current":{"py_bg_color_dark":"#000000","py_bg_color_avarge":"#a05e49","py_bg_color_middle_light":"#dadada","py_bg_color_light":"#ffffff","py_color_dark":"#000000","py_color_avarge":"#ab3611","py_btn_bg_color_dark":"#000000","py_btn_hov_bg_color_dark":"#a05e49","py_btn_color_dark":"#ffffff","py_btn_hov_color_dark":"#ffffff","py_bg_body_color":"#f4f4f4","py_body_color":"#000000","py_body_link_color":"#000000","py_body_link_hov_color":"#ff0a82","py_title_color":"#000000","py_sub_title_color":"#000000","py_field_bg_color":"rgba(0,0,0,0)","py_field_color":"#000000","py_field_br_color":"#000000","py_footer_bg_color":"#f4f4f4","py_footer_color":"#000000","py_footer_link_color":"#000000","py_footer_link_hov_color":"#000000","py_br_c":"#dadada","heading_font":"swiss_721_n4","heading_font_size":"28px","heading_font_line":"1.2","heading_font_spacing":"","heading_font_transform":"none","title_font":"swiss_721_n4","title_font_size":"22px","title_font_line":"1.2","title_font_spacing":"","title_font_transform":"none","sub_title_font":"swiss_721_n4","sub_title_font_size":"18px","sub_title_font_line":"1.2","sub_title_font_spacing":"","body_font":"swiss_721_n4","body_font_size":"15px","body_font_line":"1.2","body_font_spacing":"","button_font":"sans-serif","button_font_size":"18px","button_font_spacing":"","button_font_transform":"uppercase","nav_font":"swiss_721_n4","nav_font_size":"16px","nav_font_line":"1.2","nav_font_spacing":"","nav_font_transform":"none","field_font":"swiss_721_n4","field_font_size":"22px","py_fs_xl":"63px","py_fs_s":"22px","py_br_y":"1px","py_pd_x_m":"2.2rem","py_pd_x_s":"1.1rem","py_pd_x_xs":".5rem","py_pd_y_m":"2.2rem","py_pd_y_s":"1.1rem","py_pd_y_xs":".5rem","social_twitter_link":"https:\/\/twitter.com\/437shop","social_facebook_link":"https:\/\/www.facebook.com\/shop437","social_pinterest_link":"https:\/\/www.pinterest.ca\/437shop\/","social_instagram_link":"https:\/\/www.instagram.com\/437\/","social_tiktok_link":"https:\/\/www.tiktok.com\/@437shop?","social_youtube_link":"https:\/\/www.youtube.com\/channel\/UCAwFyGfR_-_6Rj_uY2aiR5A","c_s_style":"style-2","c_zebra":"shopify:\/\/shop_images\/Screen_Shot_2021-08-10_at_11.15.46_AM_aae7cc20-d2e4-476a-9178-7fe1d5a3ec18.png","c_python":"shopify:\/\/shop_images\/Python437V2_5d02855c-ddc5-4a1d-a48d-dbecc47548b5.png","c_flora":"shopify:\/\/shop_images\/Flora_square_50x_a7d4fa4e-dadb-47e4-a433-c009ed73064b.jpg","c_pomelo":"shopify:\/\/shop_images\/Pomelo_50x_62a26301-3e82-4765-9473-d10850079837.png","c_paradiso":"shopify:\/\/shop_images\/Screen_Shot_2021-07-09_at_5.16.11_PM_50x_01bfde7f-43fb-4133-9610-afd6be180672.png","c_valencia":"shopify:\/\/shop_images\/Valencia_50x_001eec65-9092-44d7-9d9c-48cb7236da38.png","c_stunning_queen":"shopify:\/\/shop_images\/Screen_Shot_2021-03-10_at_5.30.08_PM_50x_d6319e33-c01c-4f75-9924-505c41cdbdde.png","c_bloom":"shopify:\/\/shop_images\/Screen_Shot_2021-03-28_at_7.42.16_PM_50x_4b55d5f9-c977-477a-9fb8-82e236f178cb.png","c_bg_aqua":"#5bc7d2","c_bg_cocoa":"#794842","c_persia":"shopify:\/\/shop_images\/Screen_Shot_2021-08-31_at_2.12.17_PM_50x_0006256c-37a7-4b9b-bca3-86af87b29499.png","c_bg_off_white":"#e5e7e9","c_bg_gold":"#ccb587","c_rose_water":"shopify:\/\/shop_images\/Screen_Shot_2021-04-19_at_3.33.00_PM_50x_3cd2d77a-ee07-4cb5-8e73-e7900ad2a9ca.png","c_daisy":"shopify:\/\/shop_images\/Screen_Shot_2021-03-28_at_7.41.45_PM_50x_2b4da546-a483-44e3-bd95-20bd27f923ae.png","discount":"30","discount_hide_collections":"GIFT CARD|CYBER","cart_style":"style-1","cart_heading":"Shopping Cart","py_cart_bg_color":"#ffffff","py_cart_color":"#a05e49","enable_dynamic_pay":true,"upsell_product":"olive-green-jacket","show_packaging":false,"show_insurance":false,"prod_insurance":"package-protection","insurance_auto":false,"insurance":"SHIPPING INSURANCE ($5 USD)","f_s_currency":"USD","f_s_show":true,"f_s_price":"100","f_s_text":"<p>YOU’RE <strong>100 <\/strong>AWAY FROM FREE SHIPPING<\/p>","f_s_bg_color":"#794842","section_style":"default","enable_global_anim":false,"anim_duration":"1400","checkout_logo_image":"shopify:\/\/shop_images\/437logo_66595f06-2666-482c-b2a1-fef0fe25934c.png","checkout_logo_size":"large","checkout_accent_color":"#794842","checkout_button_color":"#794842","py_pd_xl":"0 2rem","py_pd_l":"0 1rem","py_pd_m":"0 22px","py_pd_s":"0 0.5rem","py_mg_m":"22px 0","type_body_font":"serif","type_header_font":"montserrat_n6","colors_accent_1":"#794842","colors_accent_2":"#794842","colors_text":"#000000","colors_outline_button_labels":"#ffffff","colors_background_1":"#FFFFFF","colors_background_2":"#5c4842","sections":{"announcement-bar":{"type":"announcement-bar","blocks":{"f769ba1e-6b35-45a1-a8a7-4114d3cec183":{"type":"announcement","settings":{"text":"Welcome to our store","link":""}}},"block_order":["f769ba1e-6b35-45a1-a8a7-4114d3cec183"],"settings":{"py_announcement_bg_color":"var(--py-bg-color-dark)","py_announcement_color":"var(--py-color-light)","py_announcement_link_color":"var(--py-color-avarge)","py_announcement_link_hov_color":"var(--py-color-light)","page_x_pd":"pd-x-un","page_y_pd":"pd-y-s","fs":"fs-s","br":"br-y"}},"header":{"type":"header","blocks":{"0552fd8c-cab0-4eea-bbd5-15ccfdc143fd":{"type":"mega_menu","settings":{"name":"Menu 1","menu_1":"collections","menu_2":"collections","menu_3":"footer","menu_4":"","img_col_position":"first","image_1":"shopify:\/\/shop_images\/Rectangle_41.png","title_1":"SHOP SARONGS","link_1":"shopify:\/\/collections\/sarongs","image_2":"shopify:\/\/shop_images\/Rectangle_41.png","title_2":"SHOP LOUNGE","link_2":"shopify:\/\/collections\/lounge","image_3":"shopify:\/\/shop_images\/Rectangle_41.png","title_3":"SHOP DRESSES","link_3":"shopify:\/\/collections\/dresses","image_4":"shopify:\/\/shop_images\/Rectangle_41.png","title_4":"Shop New Apparel","link_4":"shopify:\/\/collections"}}},"block_order":["0552fd8c-cab0-4eea-bbd5-15ccfdc143fd"],"settings":{"logo_width":120,"header_position":"fixed","logo_position":"middle-left-center-nav","menu":"main-menu","search_style":"sidebar","search_hide_tags":"hidesearch|hide","py_search_bg_color":"var(--py-bg-color-light)","py_search_field_bg_color":"var(--py-bg-color-light)","py_search_field_color":"var(--py-color-dark)","py_search_field_br_color":"var(--py-color-dark)","py_search_field_br_width":"2px","py_search_field_br_radius":"100px","py_search_field_font_size":"17px","py_search_field_focus_bg_color":"var(--py-bg-color-light)","py_search_field_focus_color":"var(--py-color-avarge)","py_search_placeholder":"Search Products","py_search_title":"Search Product and More","py_search_title_font_size":"20px","py_search_title_font_color":"var(--py-color-dark)","py_header_bg_color_1":"var(--py-bg-color-avarge)","py_header_bg_color_2":"var(--py-bg-color-avarge)","py_header_color":"var(--py-color-light)","py_header_link_color_1":"var(--py-color-light)","py_header_link_hov_color_1":"var(--py-color-light)","py_header_link_color_2":"var(--py-color-light)","py_header_link_hov_color_2":"var(--py-color-avarge)","py_header_border_color":"var(--py-color-light)","page_width":"width-un","page_x_pd":"pd-x-m","page_y_pd":"pd-y-m","br":"br-y"}},"footer":{"type":"footer","blocks":{"footer-0":{"type":"link_list","settings":{"heading":"ABOUT US","menu":"footer"}},"d3aa1b56-7e4a-43b1-8bea-6aa50efc9ad6":{"type":"link_list","settings":{"heading":"ORDER INFORMATION","menu":"footer-info"}}},"block_order":["footer-0","d3aa1b56-7e4a-43b1-8bea-6aa50efc9ad6"],"settings":{"bg_color":"bg-c-light","color":"c-dark","newsletter_enable":true,"newsletter_heading":"SIGN UP TO RECEIVE UPDATES","newslatter_subtitle":"Sign up to our newsletter and you’ll be the first to know about news and promotions","show_social":true,"enable_country_selector":true,"enable_language_selector":true,"payment_enable":true}},"product-color-uploads":{"type":"product-color-uploads","blocks":{"1597267051014":{"type":"swatch","settings":{"name":"Black","color":"#000000","use_image":false}},"1597267064384":{"type":"swatch","settings":{"name":"White","color":"#ffffff","use_image":false}},"1597267076151":{"type":"swatch","settings":{"name":"Rose","color":"#e9999a","use_image":false}},"1597267084863":{"type":"swatch","settings":{"name":"Blush","color":"#ecd0cc","use_image":false}},"1597267096017":{"type":"swatch","settings":{"name":"Cyan","color":"#b3e0ec","use_image":false}},"1597267103802":{"type":"swatch","settings":{"name":"Candy","color":"#f4d6f0","use_image":false}},"1597267111962":{"type":"swatch","settings":{"name":"Negroni","color":"#fecd8a","use_image":false}},"1597267118879":{"type":"swatch","settings":{"name":"Yellow","color":"#f9e874","use_image":false}},"1597267126718":{"type":"swatch","settings":{"name":"Red","color":"#e82626","use_image":false}},"1597267134414":{"type":"swatch","settings":{"name":"Charge","color":"#ff6617","use_image":false}},"1597267142332":{"type":"swatch","settings":{"name":"Green","color":"#06e6d2","use_image":false}},"1597267152126":{"type":"swatch","settings":{"name":"Brown","color":"#794842","use_image":false}},"1597267162546":{"type":"swatch","settings":{"name":"Grey","color":"#e5e7e9","use_image":false}},"1597267172903":{"type":"swatch","settings":{"name":"Spice","color":"#ecae97","use_image":false}},"1597267179314":{"type":"swatch","settings":{"name":"Pink","color":"#ffc0cb","use_image":true}},"1597267191682":{"type":"swatch","settings":{"name":"Champagne","color":"","use_image":true}},"1597267200550":{"type":"swatch","settings":{"name":"Blue","color":"#1f67e1","use_image":false}},"1597267207607":{"type":"swatch","settings":{"name":"Navy","color":"#3b657d","use_image":false}},"1597267220549":{"type":"swatch","settings":{"name":"Vice","color":"#fa469f","use_image":false}},"1597267232862":{"type":"swatch","settings":{"name":"lilac-towel","color":"","use_image":true}},"1597267255981":{"type":"swatch","settings":{"name":"Towel","color":"","use_image":true}},"1597267262913":{"type":"swatch","settings":{"name":"black-towel","color":"","use_image":true}},"1597267273512":{"type":"swatch","settings":{"name":"Lilac","color":"#decde7","use_image":false}},"1597267283539":{"type":"swatch","settings":{"name":"Baby","color":"#a5c7db","use_image":false}},"1597267293825":{"type":"swatch","settings":{"name":"Mint","color":"#bfdccb","use_image":false}},"1597267301622":{"type":"swatch","settings":{"name":"tie-dye","color":"","use_image":true}},"1597267311714":{"type":"swatch","settings":{"name":"Tan","color":"","use_image":true}},"1597267322007":{"type":"swatch","settings":{"name":"Flora","color":"","use_image":true}},"1597267329253":{"type":"swatch","settings":{"name":"Poppy","color":"#e03c31","use_image":false}},"1598309809345":{"type":"swatch","settings":{"name":"Tango","color":"#f95750","use_image":false}},"1599248384232":{"type":"swatch","settings":{"name":"Latte","color":"#d8c3b5","use_image":false}},"1599248451351":{"type":"swatch","settings":{"name":"Mocha","color":"#ac704d","use_image":false}},"1600181572390":{"type":"swatch","settings":{"name":"OCEAN","color":"#4fa6c5","use_image":false}},"ec136820-cf7d-44f2-bf6b-f350d67f647e":{"type":"swatch","settings":{"name":"SAGE","color":"#a8d09c","use_image":false}},"1efbf49d-11a8-4ef7-9aeb-6dd793538039":{"type":"swatch","settings":{"name":"GUNMETAL","color":"#49494b","use_image":false}},"dd948df5-0846-4d33-bdd8-588a58bb1a82":{"type":"swatch","settings":{"name":"EMPIRE","color":"#5066ac","use_image":false}},"1aa2e33c-3fe3-4551-bd83-7b4a7be13024":{"type":"swatch","settings":{"name":"SOUR","color":"#c9e4bd","use_image":false}},"3e3fecac-67ef-402d-bc87-0a8a034f5298":{"type":"swatch","settings":{"name":"TANG","color":"#fbaf5c","use_image":false}},"e22e481a-aeb8-4090-8cc7-5a1c0d1c2ade":{"type":"swatch","settings":{"name":"Stone","color":"#dbd9db","use_image":false}},"d865ef62-6b73-4b0f-a365-4f69137cd81b":{"type":"swatch","settings":{"name":"Royal","color":"#3c4166","use_image":false}},"c9492598-613f-460f-b966-865a6f9ef2e2":{"type":"swatch","settings":{"name":"STUNNING-QUEEN","color":"","use_image":true}},"5118624a-3227-4466-ba29-7f36250bf31d":{"type":"swatch","settings":{"name":"DAISY","color":"","use_image":true}},"ea8db402-9ce2-455d-aebd-2aaf29c4b874":{"type":"swatch","settings":{"name":"BLOOM","color":"","use_image":true}},"1b0db008-bf21-4ff6-a88a-698c1d22a235":{"type":"swatch","settings":{"name":"ROSE-WATER","color":"","use_image":true}},"8f33e588-0c5a-47b4-ae7e-e2041a189421":{"type":"swatch","settings":{"name":"VALENCIA","color":"","use_image":true}},"7de92459-c0a2-455b-a4be-f09925b604b4":{"type":"swatch","settings":{"name":"POMELO","color":"","use_image":true}},"75b7935f-3365-4c66-8833-f9c68c3b0be4":{"type":"swatch","settings":{"name":"OFF-WHITE","color":"#e5e7e9","use_image":false}},"81090b34-8a34-45e9-8969-8fe3f7557ac7":{"type":"swatch","settings":{"name":"GOLD","color":"#ccb587","use_image":false}},"cccdceed-a6a6-49c4-9f26-a490bfcfea85":{"type":"swatch","settings":{"name":"PARADISO","color":"","use_image":true}},"8ee2036b-af1d-490e-94b8-7887a89ec3b4":{"type":"swatch","settings":{"name":"AQUA","color":"#5bc7d2","use_image":false}},"c7c92678-f89e-4262-9270-1e81830081e4":{"type":"swatch","settings":{"name":"PYTHON","color":"","use_image":true}},"64fd1ae8-fc26-4ed6-9fa0-10e0c248bd00":{"type":"swatch","settings":{"name":"ZEBRA","color":"","use_image":true}},"8bdb4eeb-7bad-4044-85ec-acb9423a4c3f":{"type":"swatch","settings":{"name":"CYBER","color":"","use_image":true}},"564e93dd-7c84-4311-b8b6-0a421933fad8":{"type":"swatch","settings":{"name":"Persia","color":"","use_image":true}},"5ca01185-19c8-4352-a761-2efdef425bb1":{"type":"swatch","settings":{"name":"COCOA","color":"#794842","use_image":false}},"e21d4c50-842c-4bf1-8524-310280e51d0c":{"type":"swatch","settings":{"name":"CREAM","color":"#e8d4cd","use_image":false}},"dd806759-2887-4baf-9284-fac86eedf19d":{"type":"swatch","settings":{"name":"ESPRESSO-II","color":"#4f2f27","use_image":false}},"382ef227-970c-4fa6-9422-9616cb18ba9e":{"type":"swatch","settings":{"name":"NATURAL","color":"#f1efe4","use_image":false}},"cc234f9f-9431-4863-b52b-9cc4ff77deb9":{"type":"swatch","settings":{"name":"Y2K","color":"#f8d7e7","use_image":false}}},"block_order":["1597267051014","1597267064384","1597267076151","1597267084863","1597267096017","1597267103802","1597267111962","1597267118879","1597267126718","1597267134414","1597267142332","1597267152126","1597267162546","1597267172903","1597267179314","1597267191682","1597267200550","1597267207607","1597267220549","1597267232862","1597267255981","1597267262913","1597267273512","1597267283539","1597267293825","1597267301622","1597267311714","1597267322007","1597267329253","1598309809345","1599248384232","1599248451351","1600181572390","ec136820-cf7d-44f2-bf6b-f350d67f647e","1efbf49d-11a8-4ef7-9aeb-6dd793538039","dd948df5-0846-4d33-bdd8-588a58bb1a82","1aa2e33c-3fe3-4551-bd83-7b4a7be13024","3e3fecac-67ef-402d-bc87-0a8a034f5298","e22e481a-aeb8-4090-8cc7-5a1c0d1c2ade","d865ef62-6b73-4b0f-a365-4f69137cd81b","c9492598-613f-460f-b966-865a6f9ef2e2","5118624a-3227-4466-ba29-7f36250bf31d","ea8db402-9ce2-455d-aebd-2aaf29c4b874","1b0db008-bf21-4ff6-a88a-698c1d22a235","8f33e588-0c5a-47b4-ae7e-e2041a189421","7de92459-c0a2-455b-a4be-f09925b604b4","75b7935f-3365-4c66-8833-f9c68c3b0be4","81090b34-8a34-45e9-8969-8fe3f7557ac7","cccdceed-a6a6-49c4-9f26-a490bfcfea85","8ee2036b-af1d-490e-94b8-7887a89ec3b4","c7c92678-f89e-4262-9270-1e81830081e4","64fd1ae8-fc26-4ed6-9fa0-10e0c248bd00","8bdb4eeb-7bad-4044-85ec-acb9423a4c3f","564e93dd-7c84-4311-b8b6-0a421933fad8","5ca01185-19c8-4352-a761-2efdef425bb1","e21d4c50-842c-4bf1-8524-310280e51d0c","dd806759-2887-4baf-9284-fac86eedf19d","382ef227-970c-4fa6-9422-9616cb18ba9e","cc234f9f-9431-4863-b52b-9cc4ff77deb9"],"settings":{}},"customer-account":{"type":"customer-account","settings":{"page_bg_color":"var(--py-bg-color-dark)","page_color":"var(--py-color-light)","page_align":"center","logout_bg_color":"var(--py-bg-color-light)","logout_color":"var(--py-color-dark)","logout_border_width":1,"logout_border_radius":7,"logout_br_color":"var(--py-color-dark)","order_history_desktop":"table","table_header_bg_color":"var(--py-bg-color-middle-light)","table_header_color":"var(--py-color-dark)","table_body_bg_color":"var(--py-bg-color-light)","table_body_color":"var(--py-color-dark)","table_border_color":"var(--py-color-dark)","card_bg_color":"var(--py-bg-color-light)","card_color":"var(--py-color-dark)","card_pay_bg_color":"var(--py-bg-color-dark)","card_pay_color":"var(--py-color-light)","card_ful_bg_color":"var(--py-bg-color-middle-light)","card_ful_color":"var(--py-color-dark)","card_border_radius":10,"card_pay_border_radius":30}},"customers-login":{"type":"customers-login","settings":{"page_bg_color":"var(--py-bg-color-dark)","page_color":"var(--py-color-light)","field_bg_color":"var(--py-bg-color-light)","field_color":"var(--py-color-dark)","field_border_width":1,"field_border_radius":5,"field_br_color":"var(--py-color-dark)","login_btn_bg_color":"var(--py-bg-color-avarge)","login_btn_color":"var(--py-color-light)","login_btn_border_width":1,"login_btn_border_radius":32,"login_btn_br_color":"var(--py-color-dark)","login_btn_hover_bg_color":"var(--py-bg-color-middle-light)","login_btn_hover_color":"var(--py-color-dark)","login_btn_hover_br_color":"var(--py-color-dark)"}},"customers-register":{"type":"customers-register","settings":{"page_bg_color":"var(--py-bg-color-dark)","page_color":"var(--py-color-light)","field_bg_color":"var(--py-bg-color-light)","field_color":"var(--py-color-dark)","field_border_width":1,"field_border_radius":5,"field_br_color":"var(--py-color-dark)","register_btn_bg_color":"var(--py-bg-color-avarge)","register_btn_color":"var(--py-color-light)","register_btn_border_width":1,"register_btn_border_radius":28,"register_btn_br_color":"var(--py-color-dark)","register_btn_hover_bg_color":"var(--py-bg-color-light)","register_btn_hover_color":"var(--py-color-dark)","register_btn_hover_br_color":"var(--py-color-dark)"}},"customers-addresses":{"type":"customers-addresses","settings":{"page_bg_color":"var(--py-bg-color-dark)","page_color":"var(--py-color-light)","page_align":"center","add_btn_bg_color":"var(--py-bg-color-avarge)","add_btn_color":"var(--py-color-light)","add_btn_border_width":1,"add_btn_border_radius":22,"add_btn_br_color":"var(--py-color-dark)","add_btn_hover_bg_color":"var(--py-bg-color-light)","add_btn_hover_color":"var(--py-color-dark)","add_btn_hover_br_color":"var(--py-color-dark)","edit_btn_bg_color":"var(--py-bg-color-light)","edit_btn_color":"var(--py-color-dark)","edit_btn_border_width":1,"edit_btn_border_radius":22,"edit_btn_br_color":"var(--py-color-dark)","edit_btn_hover_bg_color":"var(--py-bg-color-avarge)","edit_btn_hover_color":"var(--py-color-light)","edit_btn_hover_br_color":"var(--py-color-dark)","panel_bg_color":"var(--py-bg-color-light)","panel_color":"var(--py-color-dark)","field_bg_color":"var(--py-bg-color-light)","field_color":"var(--py-color-dark)","field_border_width":1,"field_border_radius":5,"field_br_color":"var(--py-color-dark)","submit_btn_bg_color":"var(--py-bg-color-avarge)","submit_btn_color":"var(--py-color-dark)","submit_btn_border_width":1,"submit_btn_border_radius":30,"submit_btn_br_color":"var(--py-color-dark)","submit_btn_hover_bg_color":"var(--py-bg-color-light)","submit_btn_hover_color":"var(--py-color-dark)","submit_btn_hover_br_color":"var(--py-color-dark)"}},"customers-activate_account":{"type":"customers-activate_account","settings":{"page_bg_color":"var(--py-bg-color-dark)","page_color":"var(--py-color-light)","page_align":"left","activate_btn_bg_color":"var(--py-bg-color-light)","activate_btn_color":"var(--py-color-dark)","activate_btn_border_width":1,"activate_btn_border_radius":5,"activate_btn_br_color":"var(--py-color-dark)","activate_btn_hover_bg_color":"var(--py-bg-color-light)","activate_btn_hover_color":"var(--py-color-dark)","activate_btn_hover_br_color":"var(--py-color-dark)","decline_btn_bg_color":"var(--py-bg-color-light)","decline_btn_color":"var(--py-color-dark)","decline_btn_border_width":1,"decline_btn_border_radius":5,"decline_btn_br_color":"var(--py-color-dark)","decline_btn_hover_bg_color":"var(--py-bg-color-light)","decline_btn_hover_color":"var(--py-color-dark)","decline_btn_hover_br_color":"var(--py-color-dark)","field_bg_color":"var(--py-bg-color-light)","field_color":"var(--py-color-dark)","field_border_width":1,"field_border_radius":5,"field_br_color":"var(--py-color-dark)"}},"gift_card":{"type":"gift_card","settings":{"page_bg_color":"var(--py-bg-color-dark)","page_color":"var(--py-color-light)","gift_image":"shopify:\/\/shop_images\/pexels-edgars-kisuro-1488463.jpg","copy_code_bg_color":"var(--py-bg-color-light)","copy_code_color":"var(--py-color-dark)","copy_code_border_radius":10,"copy_btn_bg_color":"var(--py-bg-color-avarge)","copy_btn_color":"var(--py-color-light)","copy_btn_br_color":"var(--py-color-dark)","copy_btn_border_width":0,"copy_btn_border_radius":16,"copy_btn_hover_bg_color":"var(--py-bg-color-light)","copy_btn_hover_color":"var(--py-color-dark)","copy_btn_hover_br_color":"var(--py-color-dark)","print_btn_bg_color":"var(--py-bg-color-light)","print_btn_color":"var(--py-color-dark)","print_btn_br_color":"var(--py-color-dark)","print_btn_border_width":1,"print_btn_border_radius":18,"print_btn_hover_bg_color":"var(--py-bg-color-light)","print_btn_hover_color":"var(--py-color-dark)","print_btn_hover_br_color":"var(--py-color-dark)"}}},"content_for_index":[]},"presets":{"Default":{"py_bg_color_dark":"#000000"},"New":{"py_bg_color_dark":"#731173"}}}